,Survived,Pclass,Sex,Age,SibSp,Parch,Ticket,Fare,Embarked
0,0,3,1,22.0,1.4592612316093851,-0.5488212942367958,523,-0.8808152897870466,2
1,1,1,0,38.0,1.4592612316093851,-0.5488212942367958,596,1.498320078634851,0
2,1,3,0,26.0,-0.6832897838887635,-0.5488212942367958,669,-0.7865721703375721,2
3,1,1,0,35.0,1.4592612316093851,-0.5488212942367958,49,1.2038743501793443,2
4,0,3,1,35.0,-0.6832897838887635,-0.5488212942367958,472,-0.7699628803947379,2
5,0,3,1,29.69911764705882,-0.6832897838887635,-0.5488212942367958,275,-0.7173828516260905,1
6,0,1,1,54.0,-0.6832897838887635,-0.5488212942367958,85,1.1801231822438587,2
7,0,3,1,2.0,1.4766311030619304,1.8218217968134034,395,0.2539397921887333,2
8,1,3,0,27.0,-0.6832897838887635,1.82240783315376,344,-0.42406167894779845,2
9,1,2,0,14.0,1.4592612316093851,-0.5488212942367958,132,0.6240002884379124,0
10,1,3,0,4.0,1.4592612316093851,1.8218217968134034,616,0.008489506493499131,2
11,1,1,0,58.0,-0.6832897838887635,-0.5488212942367958,38,0.49502669536012267,2
12,0,3,1,20.0,-0.6832897838887635,-0.5488212942367958,535,-0.7699628803947379,2
13,0,3,1,39.0,1.4592612316093851,1.8225198955166337,333,0.6645198177328426,2
14,0,3,0,14.0,-0.6832897838887635,-0.5488212942367958,413,-0.7960910828882249,2
15,1,2,0,55.0,-0.6832897838887635,-0.5488212942367958,153,-0.03696780791434461,2
16,0,3,1,2.0,1.4779347694060456,1.8218217968134034,480,0.5909688334232854,1
17,1,2,1,29.69911764705882,-0.6832897838887635,-0.5488212942367958,151,-0.2583137658022834,2
18,0,3,0,31.0,1.4592612316093851,-0.5488212942367958,301,0.08785530547303116,2
19,1,3,0,29.69911764705882,-0.6832897838887635,-0.5488212942367958,184,-0.8844632988385156,0
20,0,2,1,35.0,-0.6832897838887635,-0.5488212942367958,139,0.47327563780180276,2
21,1,2,1,34.0,-0.6832897838887635,-0.5488212942367958,152,-0.2583137658022834,2
22,1,3,0,15.0,-0.6832897838887635,-0.5488212942367958,278,-0.772709479011483,1
23,1,1,1,28.0,-0.6832897838887635,-0.5488212942367958,42,0.7948009131343609,2
24,0,3,0,8.0,1.4766311030619304,1.8218217968134034,395,0.2539397921887333,2
25,1,3,0,38.0,1.4592612316093851,1.8225198955166337,329,0.668221727986141,2
26,0,3,1,29.69911764705882,-0.6832897838887635,-0.5488212942367958,179,-0.8844632988385156,0
28,1,3,0,29.69911764705882,-0.6832897838887635,-0.5488212942367958,283,-0.7927205620528253,1
29,0,3,1,29.69911764705882,-0.6832897838887635,-0.5488212942367958,362,-0.7904881715661577,2
30,0,1,1,40.0,-0.6832897838887635,-0.5488212942367958,598,0.5398023385840303,0
31,1,1,0,29.69911764705882,1.4592612316093851,-0.5488212942367958,586,2.201923641164326,0
32,1,3,0,29.69911764705882,-0.6832897838887635,-0.5488212942367958,288,-0.8102505235131865,1
33,0,2,1,66.0,-0.6832897838887635,-0.5488212942367958,549,-0.4866872959264229,2
34,0,1,1,28.0,1.4592612316093851,-0.5488212942367958,600,1.6390058772554477,0
35,0,1,1,42.0,1.4592612316093851,-0.5488212942367958,43,1.1827913096260676,2
36,1,3,1,29.69911764705882,-0.6832897838887635,-0.5488212942367958,202,-0.8838496018015792,0
37,0,3,1,21.0,-0.6832897838887635,-0.5488212942367958,514,-0.7699628803947379,2
38,0,3,0,18.0,1.473214431266664,-0.5488212942367958,302,0.08785530547303116,2
39,1,3,0,14.0,1.4592612316093851,-0.5488212942367958,186,-0.41369860861727414,0
40,0,3,0,40.0,1.4592612316093851,-0.5488212942367958,507,-0.5964214019940571,2
41,0,2,0,27.0,1.4592612316093851,-0.5488212942367958,53,0.2501986464475664,2
42,0,3,1,29.69911764705882,-0.6832897838887635,-0.5488212942367958,391,-0.7904881715661577,0
43,1,2,0,3.0,1.4592612316093851,1.82240783315376,634,0.9562835258706175,0
44,1,3,0,19.0,-0.6832897838887635,-0.5488212942367958,282,-0.7927205620528253,1
45,0,3,1,29.69911764705882,-0.6832897838887635,-0.5488212942367958,617,-0.7699628803947379,2
46,0,3,1,29.69911764705882,1.4592612316093851,-0.5488212942367958,462,-0.07072282493786992,1
47,1,3,0,29.69911764705882,-0.6832897838887635,-0.5488212942367958,76,-0.8102505235131865,1
48,0,3,1,29.69911764705882,1.473214431266664,-0.5488212942367958,190,0.28358047412434484,0
49,0,3,0,18.0,1.4592612316093851,-0.5488212942367958,377,0.07604348317588695,2
50,0,3,1,7.0,1.4779347694060456,1.8218217968134034,249,0.9088332038725969,2
51,0,3,1,21.0,-0.6832897838887635,-0.5488212942367958,522,-0.8034336625346978,2
52,1,1,0,49.0,1.4592612316093851,-0.5488212942367958,587,1.5713044905694247,0
53,1,2,0,29.0,1.4592612316093851,-0.5488212942367958,239,0.47327563780180276,2
54,0,1,1,65.0,-0.6832897838887635,1.8218217968134034,29,1.3589754326582966,0
55,1,1,1,29.69911764705882,-0.6832897838887635,-0.5488212942367958,94,0.7948009131343609,2
56,1,2,0,21.0,-0.6832897838887635,-0.5488212942367958,555,-0.4866872959264229,2
57,0,3,1,28.5,-0.6832897838887635,-0.5488212942367958,215,-0.8838496018015792,0
58,1,2,0,5.0,1.4592612316093851,1.82240783315376,561,0.540893655475127,2
59,0,3,1,11.0,1.4785530086712093,1.82240783315376,566,1.0785302637150436,2
60,0,3,1,22.0,-0.6832897838887635,-0.5488212942367958,197,-0.8838496018015792,0
61,1,1,0,38.0,-0.6832897838887635,-0.5488212942367958,32,1.6125772094011388,2
62,0,1,1,45.0,1.4592612316093851,-0.5488212942367958,457,1.6545348997609801,2
63,0,3,1,4.0,1.4766311030619304,1.82240783315376,337,0.5464808979613536,2
64,0,1,1,29.69911764705882,-0.6832897838887635,-0.5488212942367958,601,0.5398023385840303,0
65,1,3,1,29.69911764705882,1.4592612316093851,1.8218217968134034,189,-0.08831930688856707,0
66,1,2,0,29.0,-0.6832897838887635,-0.5488212942367958,553,-0.4866872959264229,2
67,0,3,1,19.0,-0.6832897838887635,-0.5488212942367958,623,-0.7557710160342977,2
68,1,3,0,17.0,1.4779347694060456,1.82240783315376,248,-0.7865721703375721,2
69,0,3,1,26.0,1.473214431266664,-0.5488212942367958,270,-0.6919963245199561,2
70,0,2,1,32.0,-0.6832897838887635,-0.5488212942367958,557,-0.4866872959264229,2
71,0,3,0,16.0,1.4785530086712093,1.82240783315376,566,1.0785302637150436,2
72,0,2,1,21.0,-0.6832897838887635,-0.5488212942367958,621,1.5287092917087757,2
73,0,3,1,26.0,1.4592612316093851,-0.5488212942367958,204,-0.14512211887217058,0
74,1,3,1,32.0,-0.6832897838887635,-0.5488212942367958,80,1.2661885845668508,2
75,0,3,1,25.0,-0.6832897838887635,-0.5488212942367958,347,-0.8240108065706061,2
76,0,3,1,29.69911764705882,-0.6832897838887635,-0.5488212942367958,355,-0.7904881715661577,2
77,0,3,1,29.69911764705882,-0.6832897838887635,-0.5488212942367958,473,-0.7699628803947379,2
78,1,2,1,0.83,-0.6832897838887635,1.82240783315376,158,0.5865196564268887,2
79,1,3,0,30.0,-0.6832897838887635,-0.5488212942367958,432,-0.3023745887777427,2
80,0,3,1,22.0,-0.6832897838887635,-0.5488212942367958,304,-0.6512801075499434,2
81,1,3,1,29.0,-0.6832897838887635,-0.5488212942367958,311,-0.593608947849079,2
82,1,3,0,29.69911764705882,-0.6832897838887635,-0.5488212942367958,280,-0.8051339651166808,1
83,0,1,1,28.0,-0.6832897838887635,-0.5488212942367958,25,1.0828379836081983,2
84,1,2,0,17.0,-0.6832897838887635,-0.5488212942367958,637,-0.4866872959264229,2
85,1,3,0,33.0,1.4766311030619304,-0.5488212942367958,247,-0.046977990361106496,2
86,0,3,1,16.0,1.4592612316093851,1.82249159733402,676,0.7617610437287434,2
87,0,3,1,29.69911764705882,-0.6832897838887635,-0.5488212942367958,652,-0.7699628803947379,2
89,0,3,1,24.0,-0.6832897838887635,-0.5488212942367958,297,-0.7699628803947379,2
90,0,3,1,29.0,-0.6832897838887635,-0.5488212942367958,298,-0.7699628803947379,2
91,0,3,1,20.0,-0.6832897838887635,-0.5488212942367958,341,-0.7960910828882249,2
92,0,1,1,46.0,1.4592612316093851,-0.5488212942367958,678,1.3459174686255924,2
93,0,3,1,26.0,1.4592612316093851,1.82240783315376,548,0.22873156392329988,2
94,0,3,1,59.0,-0.6832897838887635,-0.5488212942367958,428,-0.8808152897870466,2
95,0,3,1,29.69911764705882,-0.6832897838887635,-0.5488212942367958,475,-0.7699628803947379,2
97,1,1,1,23.0,-0.6832897838887635,1.8218217968134034,612,1.3809608370696258,0
98,1,2,0,34.0,-0.6832897838887635,1.8218217968134034,117,0.3454772555285693,2
99,0,2,1,34.0,1.4592612316093851,-0.5488212942367958,150,0.47327563780180276,2
100,0,3,0,28.0,-0.6832897838887635,-0.5488212942367958,384,-0.7904881715661577,2
101,0,3,1,29.69911764705882,-0.6832897838887635,-0.5488212942367958,361,-0.7904881715661577,2
102,0,1,1,21.0,-0.6832897838887635,1.8218217968134034,417,1.5784782478369066,2
103,0,3,1,33.0,-0.6832897838887635,-0.5488212942367958,505,-0.6930168762841042,2
104,0,3,1,37.0,1.473214431266664,-0.5488212942367958,245,-0.7865721703375721,2
105,0,3,1,28.0,-0.6832897838887635,-0.5488212942367958,354,-0.7904881715661577,2
106,1,3,0,21.0,-0.6832897838887635,-0.5488212942367958,296,-0.8240108065706061,2
107,1,3,1,29.69911764705882,-0.6832897838887635,-0.5488212942367958,254,-0.8068368710603185,2
108,0,3,1,38.0,-0.6832897838887635,-0.5488212942367958,388,-0.7904881715661577,2
109,1,3,0,29.69911764705882,1.4592612316093851,-0.5488212942367958,469,0.39641848592435774,1
110,0,1,1,47.0,-0.6832897838887635,-0.5488212942367958,2,1.1827913096260676,2
111,0,3,0,14.5,1.4592612316093851,-0.5488212942367958,193,-0.14512211887217058,0
112,0,3,1,22.0,-0.6832897838887635,-0.5488212942367958,274,-0.7699628803947379,2
113,0,3,0,20.0,1.4592612316093851,-0.5488212942367958,491,-0.5576922738672051,2
114,0,3,0,17.0,-0.6832897838887635,-0.5488212942367958,176,-0.144819736769274,0
115,0,3,1,21.0,-0.6832897838887635,-0.5488212942367958,666,-0.7865721703375721,2
117,0,2,1,29.0,1.4592612316093851,-0.5488212942367958,53,0.2501986464475664,2
119,0,3,0,2.0,1.4779347694060456,1.82240783315376,333,0.6645198177328426,2
120,0,2,1,21.0,1.473214431266664,-0.5488212942367958,621,1.5287092917087757,2
121,0,3,1,29.69911764705882,-0.6832897838887635,-0.5488212942367958,540,-0.7699628803947379,2
122,0,2,1,32.5,1.4592612316093851,-0.5488212942367958,132,0.6240002884379124,0
123,1,2,0,32.5,-0.6832897838887635,-0.5488212942367958,219,-0.2583137658022834,2
124,0,1,1,54.0,-0.6832897838887635,1.8218217968134034,417,1.5784782478369066,2
125,1,3,1,12.0,1.4592612316093851,-0.5488212942367958,186,-0.41369860861727414,0
126,0,3,1,29.69911764705882,-0.6832897838887635,-0.5488212942367958,463,-0.8102505235131865,1
127,1,3,1,24.0,-0.6832897838887635,-0.5488212942367958,541,-0.8967049623153616,2
128,1,3,0,29.69911764705882,1.4592612316093851,1.8218217968134034,196,0.3158824519469923,0
129,0,3,1,45.0,-0.6832897838887635,-0.5488212942367958,318,-0.9216119232142098,2
130,0,3,1,33.0,-0.6832897838887635,-0.5488212942367958,380,-0.7904881715661577,0
131,0,3,1,20.0,-0.6832897838887635,-0.5488212942367958,640,-0.9103375449239258,2
132,0,3,0,47.0,1.4592612316093851,-0.5488212942367958,537,-0.1417492851320421,2
133,1,2,0,29.0,1.4592612316093851,-0.5488212942367958,111,0.47327563780180276,2
134,0,2,1,25.0,-0.6832897838887635,-0.5488212942367958,552,-0.2583137658022834,2
135,0,2,1,23.0,-0.6832897838887635,-0.5488212942367958,630,-0.10237849214946503,0
136,1,1,0,19.0,-0.6832897838887635,1.82240783315376,55,0.48453877832021086,2
137,0,1,1,37.0,1.4592612316093851,-0.5488212942367958,49,1.2038743501793443,2
138,0,3,1,16.0,-0.6832897838887635,-0.5488212942367958,504,-0.6259115003344738,2
139,0,1,1,24.0,-0.6832897838887635,-0.5488212942367958,592,1.602647748793934,0
140,0,3,0,29.69911764705882,-0.6832897838887635,1.82240783315376,203,-0.08831930688856707,0
141,1,3,0,22.0,-0.6832897838887635,-0.5488212942367958,332,-0.8102505235131865,2
142,1,3,0,24.0,1.4592612316093851,-0.5488212942367958,668,-0.046977990361106496,2
143,0,3,1,19.0,-0.6832897838887635,-0.5488212942367958,438,-0.956130247327445,1
144,0,2,1,18.0,-0.6832897838887635,-0.5488212942367958,118,-0.38940170825131265,2
145,0,2,1,19.0,1.4592612316093851,1.8218217968134034,558,0.8302524507949416,2
146,1,3,1,27.0,-0.6832897838887635,-0.5488212942367958,405,-0.8040046742616617,2
147,0,3,0,9.0,1.473214431266664,1.82240783315376,676,0.7617610437287434,2
148,0,2,1,36.5,-0.6832897838887635,1.82240783315376,113,0.47327563780180276,2
149,0,2,1,42.0,-0.6832897838887635,-0.5488212942367958,147,-0.2583137658022834,2
150,0,2,1,51.0,-0.6832897838887635,-0.5488212942367958,622,-0.29809825957798336,2
151,1,1,0,22.0,1.4592612316093851,-0.5488212942367958,36,1.430727445668208,2
152,0,3,1,55.5,-0.6832897838887635,-0.5488212942367958,516,-0.7699628803947379,2
153,0,3,1,40.5,-0.6832897838887635,1.82240783315376,538,-0.1417492851320421,2
154,0,3,1,29.69911764705882,-0.6832897838887635,-0.5488212942367958,573,-0.8717469627672313,2
155,0,1,1,51.0,-0.6832897838887635,1.8218217968134034,595,1.3492500446480937,0
156,1,3,0,16.0,-0.6832897838887635,-0.5488212942367958,418,-0.8125366921355466,1
157,0,3,1,30.0,-0.6832897838887635,-0.5488212942367958,654,-0.7699628803947379,2
158,0,3,1,29.69911764705882,-0.6832897838887635,-0.5488212942367958,258,-0.6919963245199561,2
159,0,3,1,29.69911764705882,1.479214079077847,1.82240783315376,568,1.4738607221088347,2
160,0,3,1,44.0,-0.6832897838887635,1.8218217968134034,470,-0.03034841887159623,2
161,1,2,0,40.0,-0.6832897838887635,-0.5488212942367958,559,-0.05370627580357719,2
162,0,3,1,26.0,-0.6832897838887635,-0.5488212942367958,323,-0.8068368710603185,2
163,0,3,1,17.0,-0.6832897838887635,-0.5488212942367958,265,-0.6919963245199561,2
164,0,3,1,1.0,1.4779347694060456,1.8218217968134034,249,0.9088332038725969,2
165,1,3,1,9.0,-0.6832897838887635,1.82240783315376,423,0.2261756098668158,2
166,1,1,0,29.69911764705882,-0.6832897838887635,1.8218217968134034,28,1.2392366575675515,2
167,0,3,0,45.0,1.4592612316093851,1.822512727047298,337,0.5464808979613536,2
168,0,1,1,29.69911764705882,-0.6832897838887635,-0.5488212942367958,576,0.47027240653729485,2
169,0,3,1,28.0,-0.6832897838887635,-0.5488212942367958,80,1.2661885845668508,2
170,0,1,1,61.0,-0.6832897838887635,-0.5488212942367958,5,0.7352726305444763,2
171,0,3,1,4.0,1.4779347694060456,1.8218217968134034,480,0.5909688334232854,1
172,1,3,0,1.0,1.4592612316093851,1.8218217968134034,344,-0.42406167894779845,2
173,0,3,1,21.0,-0.6832897838887635,-0.5488212942367958,659,-0.7865721703375721,2
174,0,1,1,56.0,-0.6832897838887635,-0.5488212942367958,90,0.645237903918561,0
175,0,3,1,18.0,1.4592612316093851,1.8218217968134034,412,-0.7960910828882249,2
176,0,3,1,29.69911764705882,1.4766311030619304,1.8218217968134034,488,0.4517212281590453,2
177,0,1,0,50.0,-0.6832897838887635,-0.5488212942367958,593,0.5762100755024437,0
178,0,2,1,30.0,-0.6832897838887635,-0.5488212942367958,169,-0.2583137658022834,2
179,0,3,1,36.0,-0.6832897838887635,-0.5488212942367958,574,-3.593249258472566,2
180,0,3,0,29.69911764705882,1.479214079077847,1.82240783315376,568,1.4738607221088347,2
181,0,2,1,29.69911764705882,-0.6832897838887635,-0.5488212942367958,629,-0.10208126970917969,0
182,0,3,1,9.0,1.4779347694060456,1.82240783315376,329,0.668221727986141,2
183,1,2,1,1.0,1.473214431266664,1.8218217968134034,114,0.8910000887645145,2
184,1,3,0,4.0,-0.6832897838887635,1.82240783315376,271,0.3001587749202901,2
185,0,1,1,29.69911764705882,-0.6832897838887635,-0.5488212942367958,34,1.1432353445637116,2
186,1,3,0,29.69911764705882,1.4592612316093851,-0.5488212942367958,459,-0.07072282493786992,1
187,1,1,1,45.0,-0.6832897838887635,-0.5488212942367958,11,0.49502669536012267,2
188,0,3,1,40.0,1.4592612316093851,1.8218217968134034,435,-0.07072282493786992,1
189,0,3,1,36.0,-0.6832897838887635,-0.5488212942367958,386,-0.7904881715661577,2
190,1,2,0,32.0,-0.6832897838887635,-0.5488212942367958,122,-0.2583137658022834,2
191,0,2,1,19.0,-0.6832897838887635,-0.5488212942367958,227,-0.2583137658022834,2
192,1,3,0,19.0,1.4592612316093851,-0.5488212942367958,406,-0.7960910828882249,2
193,1,2,1,3.0,1.4592612316093851,1.8218217968134034,113,0.47327563780180276,2
194,1,1,0,44.0,-0.6832897838887635,-0.5488212942367958,604,0.5398023385840303,0
195,1,1,0,58.0,-0.6832897838887635,-0.5488212942367958,586,2.201923641164326,0
196,0,3,1,29.69911764705882,-0.6832897838887635,-0.5488212942367958,452,-0.8102505235131865,1
197,0,3,1,42.0,-0.6832897838887635,1.8218217968134034,494,-0.7242077101816525,2
198,1,3,0,29.69911764705882,-0.6832897838887635,-0.5488212942367958,461,-0.8102505235131865,1
199,0,2,0,24.0,-0.6832897838887635,-0.5488212942367958,160,-0.2583137658022834,2
200,0,3,1,28.0,-0.6832897838887635,-0.5488212942367958,306,-0.593608947849079,2
201,0,3,1,29.69911764705882,1.479214079077847,1.82240783315376,568,1.4738607221088347,2
202,0,3,1,34.0,-0.6832897838887635,-0.5488212942367958,242,-0.9964454254941173,2
203,0,3,1,45.5,-0.6832897838887635,-0.5488212942367958,177,-0.8844632988385156,0
204,1,3,1,18.0,-0.6832897838887635,-0.5488212942367958,530,-0.7699628803947379,2
205,0,3,0,2.0,-0.6832897838887635,1.8218217968134034,316,-0.490512206689867,2
206,0,3,1,32.0,1.4592612316093851,-0.5488212942367958,247,-0.046977990361106496,2
207,1,3,1,26.0,-0.6832897838887635,-0.5488212942367958,216,0.13306574779972594,0
208,1,3,0,16.0,-0.6832897838887635,-0.5488212942367958,445,-0.8102505235131865,1
209,1,1,1,40.0,-0.6832897838887635,-0.5488212942367958,17,0.6554118286404368,0
210,0,3,1,24.0,-0.6832897838887635,-0.5488212942367958,642,-0.9103375449239258,2
211,1,2,0,35.0,-0.6832897838887635,-0.5488212942367958,570,0.2501986464475664,2
212,0,3,1,22.0,-0.6832897838887635,-0.5488212942367958,526,-0.8808152897870466,2
213,0,2,1,30.0,-0.6832897838887635,-0.5488212942367958,163,-0.2583137658022834,2
214,0,3,1,29.69911764705882,1.4592612316093851,-0.5488212942367958,443,-0.8102505235131865,1
215,1,1,0,31.0,1.4592612316093851,-0.5488212942367958,416,1.9533295620351505,0
216,1,3,0,27.0,-0.6832897838887635,-0.5488212942367958,670,-0.7865721703375721,2
217,0,2,1,42.0,1.4592612316093851,-0.5488212942367958,142,0.5124758623703544,2
218,1,1,0,32.0,-0.6832897838887635,-0.5488212942367958,63,1.5656446443153231,0
219,0,2,1,30.0,-0.6832897838887635,-0.5488212942367958,679,-0.4866872959264229,2
220,1,3,1,16.0,-0.6832897838887635,-0.5488212942367958,653,-0.7699628803947379,2
221,0,2,1,27.0,-0.6832897838887635,-0.5488212942367958,105,-0.2583137658022834,2
222,0,3,1,51.0,-0.6832897838887635,-0.5488212942367958,102,-0.7699628803947379,2
223,0,3,1,29.69911764705882,-0.6832897838887635,-0.5488212942367958,375,-0.7904881715661577,2
224,1,1,1,38.0,1.4592612316093851,-0.5488212942367958,93,1.7285972363125255,2
225,0,3,1,22.0,-0.6832897838887635,-0.5488212942367958,615,-0.6105933458000061,2
226,1,2,1,19.0,-0.6832897838887635,-0.5488212942367958,672,-0.4866872959264229,2
227,0,3,1,20.5,-0.6832897838887635,-0.5488212942367958,525,-0.8808152897870466,2
228,0,2,1,18.0,-0.6832897838887635,-0.5488212942367958,125,-0.2583137658022834,2
229,0,3,0,29.69911764705882,1.4766311030619304,1.8218217968134034,488,0.4517212281590453,2
230,1,1,0,35.0,1.4592612316093851,-0.5488212942367958,457,1.6545348997609801,2
231,0,3,1,29.0,-0.6832897838887635,-0.5488212942367958,322,-0.8068368710603185,2
232,0,2,1,59.0,-0.6832897838887635,-0.5488212942367958,128,-0.2179983769342424,2
233,1,3,0,5.0,1.4779347694060456,1.82240783315376,329,0.668221727986141,2
234,0,2,1,24.0,-0.6832897838887635,-0.5488212942367958,554,-0.4866872959264229,2
235,0,3,0,29.69911764705882,-0.6832897838887635,-0.5488212942367958,677,-0.837943194161033,2
236,0,2,1,44.0,1.4592612316093851,-0.5488212942367958,198,0.47327563780180276,2
237,1,2,0,8.0,-0.6832897838887635,1.82240783315376,556,0.48322146461542037,2
238,0,2,1,19.0,-0.6832897838887635,-0.5488212942367958,231,-0.4866872959264229,2
239,0,2,1,33.0,-0.6832897838887635,-0.5488212942367958,636,-0.3196546881268284,2
240,0,3,0,29.69911764705882,1.4592612316093851,-0.5488212942367958,193,-0.14512211887217058,0
241,1,3,0,29.69911764705882,1.4592612316093851,-0.5488212942367958,444,-0.07072282493786992,1
242,0,2,1,29.0,-0.6832897838887635,-0.5488212942367958,674,-0.4866872959264229,2
243,0,3,1,22.0,-0.6832897838887635,-0.5488212942367958,658,-0.899175353398864,2
244,0,3,1,30.0,-0.6832897838887635,-0.5488212942367958,213,-0.8844632988385156,0
245,0,1,1,44.0,1.473214431266664,-0.5488212942367958,92,1.7285972363125255,1
246,0,3,0,25.0,-0.6832897838887635,-0.5488212942367958,325,-0.8068368710603185,2
247,1,2,0,24.0,-0.6832897838887635,1.82240783315376,166,-0.1417492851320421,2
248,1,1,1,37.0,1.4592612316093851,1.8218217968134034,54,1.1934710203418215,2
249,0,2,1,54.0,1.4592612316093851,-0.5488212942367958,144,0.47327563780180276,2
250,0,3,1,29.69911764705882,-0.6832897838887635,-0.5488212942367958,422,-0.8808152897870466,2
251,0,3,0,29.0,1.4592612316093851,1.8218217968134034,316,-0.490512206689867,2
252,0,1,1,62.0,-0.6832897838887635,-0.5488212942367958,31,0.49502669536012267,2
253,0,3,1,30.0,1.4592612316093851,-0.5488212942367958,536,-0.03034841887159623,2
254,0,3,0,41.0,-0.6832897838887635,1.82240783315376,458,0.21005198169139885,2
255,1,3,0,29.0,-0.6832897838887635,1.82240783315376,185,-0.08831930688856707,0
256,1,1,0,29.69911764705882,-0.6832897838887635,-0.5488212942367958,589,1.602647748793934,0
257,1,1,0,30.0,-0.6832897838887635,-0.5488212942367958,0,1.6895969375432998,2
259,1,2,0,50.0,-0.6832897838887635,1.8218217968134034,115,0.47327563780180276,2
260,0,3,1,29.69911764705882,-0.6832897838887635,-0.5488212942367958,482,-0.8102505235131865,1
261,1,3,1,3.0,1.4779347694060456,1.82240783315376,329,0.668221727986141,2
262,0,1,1,52.0,1.4592612316093851,1.8218217968134034,1,1.6082459167672005,2
263,0,1,1,40.0,-0.6832897838887635,-0.5488212942367958,16,-3.593249258472566,2
264,0,3,0,29.69911764705882,-0.6832897838887635,-0.5488212942367958,478,-0.8102505235131865,1
265,0,2,1,36.0,-0.6832897838887635,-0.5488212942367958,546,-0.4866872959264229,2
266,0,3,1,16.0,1.4779347694060456,1.8218217968134034,249,0.9088332038725969,2
267,1,3,1,25.0,1.4592612316093851,-0.5488212942367958,334,-0.8068368710603185,2
268,1,1,0,58.0,-0.6832897838887635,1.8218217968134034,588,2.2463211080420336,2
269,1,1,0,35.0,-0.6832897838887635,-0.5488212942367958,613,2.1276519581004294,2
270,0,1,1,29.69911764705882,-0.6832897838887635,-0.5488212942367958,47,0.6554118286404368,2
271,1,3,1,25.0,-0.6832897838887635,-0.5488212942367958,574,-3.593249258472566,2
272,1,2,0,41.0,-0.6832897838887635,1.8218217968134034,162,0.17229425424439426,2
273,0,1,1,37.0,-0.6832897838887635,1.8218217968134034,594,0.6111814128214517,0
274,1,3,0,29.69911764705882,-0.6832897838887635,-0.5488212942367958,465,-0.8102505235131865,1
275,1,1,0,63.0,1.4592612316093851,-0.5488212942367958,71,1.5870261603795999,2
276,0,3,0,45.0,-0.6832897838887635,-0.5488212942367958,326,-0.8102505235131865,2
277,0,2,1,29.69911764705882,-0.6832897838887635,-0.5488212942367958,135,-3.593249258472566,2
278,0,3,1,7.0,1.4779347694060456,1.8218217968134034,480,0.5909688334232854,1
279,1,3,0,35.0,1.4592612316093851,1.8218217968134034,551,0.21200052202749442,2
280,0,3,1,65.0,-0.6832897838887635,-0.5488212942367958,290,-0.8102505235131865,1
281,0,3,1,28.0,-0.6832897838887635,-0.5488212942367958,340,-0.7960910828882249,2
282,0,3,1,16.0,-0.6832897838887635,-0.5488212942367958,310,-0.593608947849079,2
283,1,3,1,19.0,-0.6832897838887635,-0.5488212942367958,533,-0.7699628803947379,2
284,0,1,1,29.69911764705882,-0.6832897838887635,-0.5488212942367958,24,0.47327563780180276,2
285,0,3,1,33.0,-0.6832897838887635,-0.5488212942367958,378,-0.6919963245199561,0
286,1,3,1,30.0,-0.6832897838887635,-0.5488212942367958,308,-0.593608947849079,2
287,0,3,1,22.0,-0.6832897838887635,-0.5488212942367958,353,-0.7904881715661577,2
288,1,2,1,42.0,-0.6832897838887635,-0.5488212942367958,134,-0.2583137658022834,2
289,1,3,0,22.0,-0.6832897838887635,-0.5488212942367958,464,-0.8102505235131865,1
290,1,1,0,26.0,-0.6832897838887635,-0.5488212942367958,91,1.5982705535423474,2
291,1,1,0,19.0,1.4592612316093851,-0.5488212942367958,64,1.7403030791986236,0
292,0,2,1,36.0,-0.6832897838887635,-0.5488212942367958,635,-0.2686387996476937,0
293,0,3,0,24.0,-0.6832897838887635,-0.5488212942367958,376,-0.6691902882434252,2
294,0,3,1,24.0,-0.6832897838887635,-0.5488212942367958,374,-0.7904881715661577,2
295,0,1,1,29.69911764705882,-0.6832897838887635,-0.5488212942367958,606,0.5398023385840303,0
296,0,3,1,23.5,-0.6832897838887635,-0.5488212942367958,212,-0.8838496018015792,0
297,0,1,0,2.0,1.4592612316093851,1.82240783315376,37,2.2343023699826907,2
298,1,1,1,29.69911764705882,-0.6832897838887635,-0.5488212942367958,98,0.6386335393519047,2
300,1,3,0,29.69911764705882,-0.6832897838887635,-0.5488212942367958,513,-0.8102505235131865,1
301,1,3,1,29.69911764705882,1.473214431266664,-0.5488212942367958,441,0.3567743274530752,1
302,0,3,1,19.0,-0.6832897838887635,-0.5488212942367958,574,-3.593249258472566,2
303,1,2,0,29.69911764705882,-0.6832897838887635,-0.5488212942367958,109,-0.3131415865081077,1
304,0,3,1,29.69911764705882,-0.6832897838887635,-0.5488212942367958,527,-0.7699628803947379,2
305,1,1,1,0.92,1.4592612316093851,1.82240783315376,37,2.2343023699826907,2
306,1,1,0,29.69911764705882,-0.6832897838887635,-0.5488212942367958,83,1.9325805825916988,0
307,1,1,0,17.0,1.4592612316093851,-0.5488212942367958,611,1.9150161430595918,0
308,0,2,1,30.0,1.4592612316093851,-0.5488212942367958,575,0.3899193870528744,0
309,1,1,0,30.0,-0.6832897838887635,-0.5488212942367958,584,1.2738584226631493,0
310,1,1,0,24.0,-0.6832897838887635,-0.5488212942367958,59,1.650787438944888,0
312,0,2,0,26.0,1.4592612316093851,1.8218217968134034,167,0.47327563780180276,2
313,0,3,1,28.0,-0.6832897838887635,-0.5488212942367958,382,-0.7904881715661577,2
314,0,2,1,43.0,1.4592612316093851,1.8218217968134034,571,0.48322146461542037,2
315,1,3,0,26.0,-0.6832897838887635,-0.5488212942367958,343,-0.7960910828882249,2
316,1,2,0,24.0,1.4592612316093851,-0.5488212942367958,150,0.47327563780180276,2
317,0,2,1,54.0,-0.6832897838887635,-0.5488212942367958,232,-0.1791768995432705,2
318,1,1,0,31.0,-0.6832897838887635,1.82240783315376,453,2.314884090177948,2
319,1,1,0,40.0,1.4592612316093851,1.8218217968134034,81,2.119564644735922,0
320,0,3,1,22.0,-0.6832897838887635,-0.5488212942367958,524,-0.8808152897870466,2
321,0,3,1,27.0,-0.6832897838887635,-0.5488212942367958,365,-0.7904881715661577,2
322,1,2,0,30.0,-0.6832897838887635,-0.5488212942367958,124,-0.3131415865081077,1
323,1,2,0,22.0,1.4592612316093851,1.8218217968134034,158,0.5865196564268887,2
324,0,3,1,29.69911764705882,1.479214079077847,1.82240783315376,568,1.4738607221088347,2
325,1,1,0,36.0,-0.6832897838887635,-0.5488212942367958,613,2.1276519581004294,0
326,0,3,1,61.0,-0.6832897838887635,-0.5488212942367958,299,-1.0389403834861881,2
327,1,2,0,36.0,-0.6832897838887635,-0.5488212942367958,229,-0.2583137658022834,2
328,1,3,0,31.0,1.4592612316093851,1.8218217968134034,423,0.2261756098668158,2
329,1,1,0,16.0,-0.6832897838887635,1.8218217968134034,7,1.2921897615527986,0
330,1,3,0,29.69911764705882,1.473214431266664,-0.5488212942367958,441,0.3567743274530752,1
331,0,1,1,45.5,-0.6832897838887635,-0.5488212942367958,20,0.5685204169494387,2
332,0,1,1,38.0,-0.6832897838887635,1.8218217968134034,588,2.2463211080420336,2
333,0,3,1,16.0,1.473214431266664,-0.5488212942367958,302,0.08785530547303116,2
334,1,1,0,29.69911764705882,1.4592612316093851,-0.5488212942367958,605,2.1134520277101223,2
335,0,3,1,29.69911764705882,-0.6832897838887635,-0.5488212942367958,370,-0.7904881715661577,2
336,0,1,1,29.0,1.4592612316093851,-0.5488212942367958,36,1.430727445668208,2
337,1,1,0,41.0,-0.6832897838887635,-0.5488212942367958,81,2.119564644735922,0
338,1,3,1,45.0,-0.6832897838887635,-0.5488212942367958,510,-0.7699628803947379,2
339,0,1,1,45.0,-0.6832897838887635,-0.5488212942367958,39,0.7948009131343609,2
340,1,2,1,2.0,1.4592612316093851,1.8218217968134034,113,0.47327563780180276,2
342,0,2,1,28.0,-0.6832897838887635,-0.5488212942367958,159,-0.2583137658022834,2
343,0,2,1,25.0,-0.6832897838887635,-0.5488212942367958,149,-0.2583137658022834,2
344,0,2,1,36.0,-0.6832897838887635,-0.5488212942367958,112,-0.2583137658022834,2
345,1,2,0,24.0,-0.6832897838887635,-0.5488212942367958,157,-0.2583137658022834,2
346,1,2,0,40.0,-0.6832897838887635,-0.5488212942367958,257,-0.2583137658022834,2
347,1,3,0,29.69911764705882,1.4592612316093851,-0.5488212942367958,483,-0.03034841887159623,2
348,1,3,1,3.0,1.4592612316093851,1.8218217968134034,562,-0.043630362911170915,2
349,0,3,1,42.0,-0.6832897838887635,-0.5488212942367958,262,-0.6919963245199561,2
350,0,3,1,23.0,-0.6832897838887635,-0.5488212942367958,503,-0.6249514207733533,2
351,0,1,1,29.69911764705882,-0.6832897838887635,-0.5488212942367958,30,0.7802535944364616,2
352,0,3,1,15.0,1.4592612316093851,1.8218217968134034,214,-0.8838496018015792,0
353,0,3,1,25.0,1.4592612316093851,-0.5488212942367958,377,0.07604348317588695,2
354,0,3,1,29.69911764705882,-0.6832897838887635,-0.5488212942367958,182,-0.8844632988385156,0
355,0,3,1,28.0,-0.6832897838887635,-0.5488212942367958,314,-0.593608947849079,2
356,1,1,0,22.0,-0.6832897838887635,1.8218217968134034,28,1.2392366575675515,2
357,0,2,0,38.0,-0.6832897838887635,-0.5488212942367958,131,-0.2583137658022834,2
358,1,3,0,29.69911764705882,-0.6832897838887635,-0.5488212942367958,279,-0.7927205620528253,1
359,1,3,0,29.69911764705882,-0.6832897838887635,-0.5488212942367958,285,-0.7927205620528253,1
360,0,3,1,40.0,1.4592612316093851,1.822512727047298,337,0.5464808979613536,2
361,0,2,1,29.0,1.4592612316093851,-0.5488212942367958,633,0.5398023385840303,0
362,0,3,0,45.0,-0.6832897838887635,1.8218217968134034,211,-0.14512211887217058,0
363,0,3,1,35.0,-0.6832897838887635,-0.5488212942367958,641,-0.9103375449239258,2
364,0,3,1,29.69911764705882,1.4592612316093851,-0.5488212942367958,459,-0.07072282493786992,1
365,0,3,1,30.0,-0.6832897838887635,-0.5488212942367958,544,-0.8808152897870466,2
366,1,1,0,60.0,1.4592612316093851,-0.5488212942367958,4,1.5520304991417369,0
367,1,3,0,29.69911764705882,-0.6832897838887635,-0.5488212942367958,175,-0.8838496018015792,0
368,1,3,0,29.69911764705882,-0.6832897838887635,-0.5488212942367958,78,-0.8102505235131865,1
369,1,1,0,24.0,-0.6832897838887635,-0.5488212942367958,581,1.470280302098168,0
370,1,1,1,25.0,1.4592612316093851,-0.5488212942367958,58,1.2472743912890283,0
371,0,3,1,18.0,1.4592612316093851,-0.5488212942367958,244,-0.9964454254941173,2
372,0,3,1,19.0,-0.6832897838887635,-0.5488212942367958,273,-0.7699628803947379,2
373,0,1,1,22.0,-0.6832897838887635,-0.5488212942367958,613,2.1276519581004294,0
374,0,3,0,3.0,1.4766311030619304,1.8218217968134034,395,0.2539397921887333,2
375,1,1,0,29.69911764705882,1.4592612316093851,-0.5488212942367958,600,1.6390058772554477,0
376,1,3,0,22.0,-0.6832897838887635,-0.5488212942367958,545,-0.8808152897870466,2
378,0,3,1,20.0,-0.6832897838887635,-0.5488212942367958,183,-1.4903140039254161,0
379,0,3,1,19.0,-0.6832897838887635,-0.5488212942367958,324,-0.8068368710603185,2
381,1,3,0,1.0,-0.6832897838887635,1.82240783315376,187,-0.05426671557795552,0
382,0,3,1,32.0,-0.6832897838887635,-0.5488212942367958,665,-0.7865721703375721,2
383,1,1,0,35.0,1.4592612316093851,-0.5488212942367958,43,1.1827913096260676,2
384,0,3,1,29.69911764705882,-0.6832897838887635,-0.5488212942367958,371,-0.7904881715661577,2
385,0,2,1,18.0,-0.6832897838887635,-0.5488212942367958,621,1.5287092917087757,2
386,0,3,1,1.0,1.4785530086712093,1.82240783315376,566,1.0785302637150436,2
387,1,2,0,36.0,-0.6832897838887635,-0.5488212942367958,220,-0.2583137658022834,2
388,0,3,1,29.69911764705882,-0.6832897838887635,-0.5488212942367958,447,-0.813098685877104,1
389,1,2,0,17.0,-0.6832897838887635,-0.5488212942367958,625,-0.34388392656542166,0
390,1,1,1,36.0,1.4592612316093851,1.82240783315376,33,2.009301416205829,2
391,1,3,1,21.0,-0.6832897838887635,-0.5488212942367958,401,-0.8040046742616617,2
392,0,3,1,28.0,1.473214431266664,-0.5488212942367958,246,-0.7865721703375721,2
393,1,1,0,23.0,1.4592612316093851,-0.5488212942367958,416,1.9533295620351505,0
394,1,3,0,24.0,-0.6832897838887635,1.82240783315376,616,0.008489506493499131,2
395,0,3,1,22.0,-0.6832897838887635,-0.5488212942367958,410,-0.8040046742616617,2
396,0,3,0,31.0,-0.6832897838887635,-0.5488212942367958,414,-0.7960910828882249,2
397,0,2,1,46.0,-0.6832897838887635,-0.5488212942367958,226,0.47327563780180276,2
398,0,2,1,23.0,-0.6832897838887635,-0.5488212942367958,146,-0.4866872959264229,2
399,1,2,0,28.0,-0.6832897838887635,-0.5488212942367958,140,-0.28748246543926953,2
400,1,3,1,39.0,-0.6832897838887635,-0.5488212942367958,663,-0.7865721703375721,2
401,0,3,1,26.0,-0.6832897838887635,-0.5488212942367958,292,-0.7699628803947379,2
402,0,3,0,21.0,1.4592612316093851,-0.5488212942367958,492,-0.5576922738672051,2
403,0,3,1,28.0,1.4592612316093851,-0.5488212942367958,668,-0.046977990361106496,2
404,0,3,0,20.0,-0.6832897838887635,-0.5488212942367958,267,-0.6919963245199561,2
405,0,2,1,34.0,1.4592612316093851,-0.5488212942367958,230,0.2501986464475664,2
406,0,3,1,51.0,-0.6832897838887635,-0.5488212942367958,321,-0.8102505235131865,2
407,1,2,1,3.0,1.4592612316093851,1.8218217968134034,237,0.13095818997402806,2
408,0,3,1,21.0,-0.6832897838887635,-0.5488212942367958,255,-0.8068368710603185,2
409,0,3,0,29.69911764705882,1.4766311030619304,1.8218217968134034,488,0.4517212281590453,2
410,0,3,1,29.69911764705882,-0.6832897838887635,-0.5488212942367958,367,-0.7904881715661577,2
411,0,3,1,29.69911764705882,-0.6832897838887635,-0.5488212942367958,487,-0.9393830941340741,1
412,1,1,0,33.0,1.4592612316093851,-0.5488212942367958,92,1.7285972363125255,1
413,0,2,1,29.69911764705882,-0.6832897838887635,-0.5488212942367958,135,-3.593249258472566,2
414,1,3,1,44.0,-0.6832897838887635,-0.5488212942367958,655,-0.7865721703375721,2
415,0,3,0,29.69911764705882,-0.6832897838887635,-0.5488212942367958,295,-0.7699628803947379,2
416,1,2,0,34.0,1.4592612316093851,1.8218217968134034,224,0.7041004474218217,2
417,1,2,0,18.0,-0.6832897838887635,1.82240783315376,168,-0.2583137658022834,2
418,0,2,1,30.0,-0.6832897838887635,-0.5488212942367958,225,-0.2583137658022834,2
419,0,3,0,10.0,-0.6832897838887635,1.82240783315376,307,0.39641848592435774,2
420,0,3,1,29.69911764705882,-0.6832897838887635,-0.5488212942367958,392,-0.7904881715661577,0
421,0,3,1,21.0,-0.6832897838887635,-0.5488212942367958,534,-0.8125366921355466,1
422,0,3,1,29.0,-0.6832897838887635,-0.5488212942367958,259,-0.7932860955054802,2
423,0,3,0,28.0,1.4592612316093851,1.8218217968134034,331,-0.14912776447386403,2
424,0,3,1,18.0,1.4592612316093851,1.8218217968134034,458,0.21005198169139885,2
425,0,3,1,29.69911764705882,-0.6832897838887635,-0.5488212942367958,521,-0.8808152897870466,2
426,1,2,0,28.0,1.4592612316093851,-0.5488212942367958,100,0.47327563780180276,2
427,1,2,0,19.0,-0.6832897838887635,-0.5488212942367958,170,0.47327563780180276,2
428,0,3,1,29.69911764705882,-0.6832897838887635,-0.5488212942367958,437,-0.8102505235131865,1
429,1,3,1,32.0,-0.6832897838887635,-0.5488212942367958,644,-0.7699628803947379,2
430,1,1,1,28.0,-0.6832897838887635,-0.5488212942367958,3,0.49502669536012267,2
431,1,3,0,29.69911764705882,1.4592612316093851,-0.5488212942367958,476,-0.03034841887159623,2
432,1,2,0,42.0,1.4592612316093851,-0.5488212942367958,627,0.47327563780180276,2
433,0,3,1,17.0,-0.6832897838887635,-0.5488212942367958,657,-0.899175353398864,2
434,0,1,1,50.0,1.4592612316093851,-0.5488212942367958,72,1.255543700437541,2
435,1,1,0,14.0,1.4592612316093851,1.82240783315376,33,2.009301416205829,2
436,0,3,0,21.0,1.473214431266664,1.82240783315376,676,0.7617610437287434,2
437,1,2,0,24.0,1.473214431266664,1.82249159733402,237,0.13095818997402806,2
439,0,2,1,31.0,-0.6832897838887635,-0.5488212942367958,547,-0.4866872959264229,2
440,1,2,0,45.0,1.4592612316093851,1.8218217968134034,571,0.48322146461542037,2
441,0,3,1,20.0,-0.6832897838887635,-0.5488212942367958,305,-0.593608947849079,2
442,0,3,1,25.0,1.4592612316093851,-0.5488212942367958,328,-0.8068368710603185,2
443,1,2,0,28.0,-0.6832897838887635,-0.5488212942367958,116,-0.2583137658022834,2
444,1,3,1,29.69911764705882,-0.6832897838887635,-0.5488212942367958,499,-0.7617505830215662,2
445,1,1,1,4.0,-0.6832897838887635,1.82240783315376,289,1.6352466447669842,2
446,1,2,0,13.0,-0.6832897838887635,1.8218217968134034,162,0.17229425424439426,2
447,1,1,1,34.0,-0.6832897838887635,-0.5488212942367958,45,0.49502669536012267,2
448,1,3,0,5.0,1.473214431266664,1.8218217968134034,194,0.15915726296750002,0
449,1,1,1,52.0,-0.6832897838887635,-0.5488212942367958,40,0.6386335393519047,2
450,0,2,1,36.0,1.4592612316093851,1.82240783315376,561,0.540893655475127,2
451,0,3,1,29.69911764705882,1.4592612316093851,-0.5488212942367958,497,0.197185643492082,2
452,0,1,1,30.0,-0.6832897838887635,-0.5488212942367958,22,0.540893655475127,0
453,1,1,1,49.0,1.4592612316093851,-0.5488212942367958,84,1.7187685478191443,0
454,0,3,1,29.69911764705882,-0.6832897838887635,-0.5488212942367958,528,-0.7699628803947379,2
455,1,3,1,29.0,-0.6832897838887635,-0.5488212942367958,379,-0.7904881715661577,0
456,0,1,1,65.0,-0.6832897838887635,-0.5488212942367958,73,0.49502669536012267,2
457,1,1,0,29.69911764705882,1.4592612316093851,-0.5488212942367958,86,1.1801231822438587,2
458,1,2,0,50.0,-0.6832897838887635,-0.5488212942367958,572,-0.4866872959264229,2
459,0,3,1,29.69911764705882,-0.6832897838887635,-0.5488212942367958,468,-0.8102505235131865,1
460,1,1,1,48.0,-0.6832897838887635,-0.5488212942367958,96,0.49502669536012267,2
461,0,3,1,34.0,-0.6832897838887635,-0.5488212942367958,429,-0.7699628803947379,2
462,0,1,1,47.0,-0.6832897838887635,-0.5488212942367958,6,0.8778229519391835,2
463,0,2,1,48.0,-0.6832897838887635,-0.5488212942367958,121,-0.2583137658022834,2
464,0,3,1,29.69911764705882,-0.6832897838887635,-0.5488212942367958,539,-0.7699628803947379,2
465,0,3,1,38.0,-0.6832897838887635,-0.5488212942367958,639,-0.9103375449239258,2
466,0,2,1,29.69911764705882,-0.6832897838887635,-0.5488212942367958,135,-3.593249258472566,2
467,0,1,1,56.0,-0.6832897838887635,-0.5488212942367958,44,0.49502669536012267,2
468,0,3,1,29.69911764705882,-0.6832897838887635,-0.5488212942367958,421,-0.8136746811873856,1
469,1,3,0,0.75,1.473214431266664,1.8218217968134034,194,0.15915726296750002,0
470,0,3,1,29.69911764705882,-0.6832897838887635,-0.5488212942367958,272,-0.8808152897870466,2
471,0,3,1,38.0,-0.6832897838887635,-0.5488212942367958,263,-0.6919963245199561,2
472,1,2,0,33.0,1.4592612316093851,1.82240783315376,561,0.540893655475127,2
473,1,2,0,23.0,-0.6832897838887635,-0.5488212942367958,628,-0.19517503592765745,0
474,0,3,0,22.0,-0.6832897838887635,-0.5488212942367958,509,-0.5563342437449144,2
475,0,1,1,29.69911764705882,-0.6832897838887635,-0.5488212942367958,2,1.1827913096260676,2
476,0,2,1,34.0,1.4592612316093851,-0.5488212942367958,252,0.2501986464475664,2
477,0,3,1,29.0,1.4592612316093851,-0.5488212942367958,315,-0.9109659248317562,2
478,0,3,1,22.0,-0.6832897838887635,-0.5488212942367958,411,-0.8420445106692422,2
479,1,3,0,2.0,-0.6832897838887635,1.8218217968134034,251,-0.31856638934228465,2
480,0,3,1,9.0,1.4785530086712093,1.82240783315376,566,1.0785302637150436,2
481,0,2,1,29.69911764705882,-0.6832897838887635,-0.5488212942367958,136,-3.593249258472566,2
482,0,3,1,50.0,-0.6832897838887635,-0.5488212942367958,531,-0.7699628803947379,2
483,1,3,0,63.0,-0.6832897838887635,-0.5488212942367958,489,-0.5838220512016165,2
484,1,1,1,25.0,1.4592612316093851,-0.5488212942367958,64,1.7403030791986236,0
485,0,3,0,29.69911764705882,1.4766311030619304,1.8218217968134034,488,0.4517212281590453,2
486,1,1,0,35.0,1.4592612316093851,-0.5488212942367958,93,1.7285972363125255,2
487,0,1,1,58.0,-0.6832897838887635,-0.5488212942367958,61,0.6111814128214517,0
488,0,3,1,30.0,-0.6832897838887635,-0.5488212942367958,517,-0.7699628803947379,2
489,1,3,1,9.0,1.4592612316093851,1.8218217968134034,562,-0.043630362911170915,2
490,0,3,1,29.69911764705882,1.4592612316093851,-0.5488212942367958,498,0.197185643492082,2
491,0,3,1,21.0,-0.6832897838887635,-0.5488212942367958,649,-0.8808152897870466,2
492,0,1,1,55.0,-0.6832897838887635,-0.5488212942367958,41,0.6386335393519047,2
494,0,3,1,21.0,-0.6832897838887635,-0.5488212942367958,518,-0.7699628803947379,2
495,0,3,1,29.69911764705882,-0.6832897838887635,-0.5488212942367958,176,-0.144819736769274,0
496,1,1,0,54.0,1.4592612316093851,-0.5488212942367958,454,1.5909302624801658,0
497,0,3,1,29.69911764705882,-0.6832897838887635,-0.5488212942367958,564,-0.09854947087980928,2
498,0,1,0,25.0,1.4592612316093851,1.82240783315376,37,2.2343023699826907,2
499,0,3,1,24.0,-0.6832897838887635,-0.5488212942367958,402,-0.8040046742616617,2
500,0,3,1,17.0,-0.6832897838887635,-0.5488212942367958,261,-0.6919963245199561,2
501,0,3,0,21.0,-0.6832897838887635,-0.5488212942367958,433,-0.8102505235131865,1
502,0,3,0,29.69911764705882,-0.6832897838887635,-0.5488212942367958,276,-0.8268944316825638,1
503,0,3,0,37.0,-0.6832897838887635,-0.5488212942367958,490,-0.5838220512016165,2
504,1,1,0,16.0,-0.6832897838887635,-0.5488212942367958,0,1.6895969375432998,2
505,0,1,1,18.0,1.4592612316093851,-0.5488212942367958,611,1.9150161430595918,0
506,1,2,0,33.0,-0.6832897838887635,1.82240783315376,180,0.47327563780180276,2
507,1,1,1,29.69911764705882,-0.6832897838887635,-0.5488212942367958,10,0.49502669536012267,2
508,0,3,1,28.0,-0.6832897838887635,-0.5488212942367958,542,0.3236550419188812,2
509,1,3,1,26.0,-0.6832897838887635,-0.5488212942367958,80,1.2661885845668508,2
510,1,3,1,29.0,-0.6832897838887635,-0.5488212942367958,479,-0.8102505235131865,1
511,0,3,1,29.69911764705882,-0.6832897838887635,-0.5488212942367958,648,-0.7699628803947379,2
512,1,1,1,36.0,-0.6832897838887635,-0.5488212942367958,577,0.4847048022053446,2
513,1,1,0,54.0,1.4592612316093851,-0.5488212942367958,599,1.3164492735082953,0
514,0,3,1,24.0,-0.6832897838887635,-0.5488212942367958,356,-0.8455679325677506,2
515,0,1,1,47.0,-0.6832897838887635,-0.5488212942367958,456,0.7511243453451273,2
516,1,2,0,34.0,-0.6832897838887635,-0.5488212942367958,560,-0.4866872959264229,2
517,0,3,1,29.69911764705882,-0.6832897838887635,-0.5488212942367958,469,0.39641848592435774,1
518,1,2,0,36.0,1.4592612316093851,-0.5488212942367958,110,0.47327563780180276,2
519,0,3,1,32.0,-0.6832897838887635,-0.5488212942367958,381,-0.7904881715661577,2
520,1,1,0,30.0,-0.6832897838887635,-0.5488212942367958,67,1.7660412682544735,2
521,0,3,1,22.0,-0.6832897838887635,-0.5488212942367958,390,-0.7904881715661577,2
522,0,3,1,29.69911764705882,-0.6832897838887635,-0.5488212942367958,173,-0.8844632988385156,0
523,1,1,0,44.0,-0.6832897838887635,1.8218217968134034,7,1.2921897615527986,0
524,0,3,1,29.69911764705882,-0.6832897838887635,-0.5488212942367958,217,-0.8838496018015792,0
525,0,3,1,40.5,-0.6832897838887635,-0.5488212942367958,446,-0.8102505235131865,1
526,1,2,0,50.0,-0.6832897838887635,-0.5488212942367958,673,-0.4866872959264229,2
528,0,3,1,39.0,-0.6832897838887635,-0.5488212942367958,250,-0.7865721703375721,2
529,0,2,1,23.0,1.473214431266664,1.8218217968134034,235,-0.38940170825131265,2
530,1,2,0,2.0,1.4592612316093851,1.8218217968134034,180,0.47327563780180276,2
531,0,3,1,29.69911764705882,-0.6832897838887635,-0.5488212942367958,181,-0.8838496018015792,0
532,0,3,1,17.0,1.4592612316093851,1.8218217968134034,210,-0.8838496018015792,0
533,1,3,0,29.69911764705882,-0.6832897838887635,1.82240783315376,196,0.3158824519469923,0
534,0,3,0,30.0,-0.6832897838887635,-0.5488212942367958,260,-0.6919963245199561,2
535,1,2,0,7.0,-0.6832897838887635,1.82240783315376,571,0.48322146461542037,2
536,0,1,1,45.0,-0.6832897838887635,-0.5488212942367958,21,0.49502669536012267,2
537,1,1,0,30.0,-0.6832897838887635,-0.5488212942367958,614,1.8926214134037636,0
538,0,3,1,29.69911764705882,-0.6832897838887635,-0.5488212942367958,426,-0.1417492851320421,2
539,1,1,0,22.0,-0.6832897838887635,1.82240783315376,75,1.1330876575929185,0
540,1,1,0,36.0,-0.6832897838887635,1.82240783315376,680,1.4943651406372211,2
541,0,3,0,9.0,1.4779347694060456,1.82240783315376,333,0.6645198177328426,2
542,0,3,0,11.0,1.4779347694060456,1.82240783315376,333,0.6645198177328426,2
543,1,2,1,32.0,1.4592612316093851,-0.5488212942367958,233,0.47327563780180276,2
544,0,1,1,50.0,1.4592612316093851,-0.5488212942367958,614,1.8926214134037636,0
545,0,1,1,64.0,-0.6832897838887635,-0.5488212942367958,501,0.47327563780180276,2
546,1,2,0,19.0,1.4592612316093851,-0.5488212942367958,233,0.47327563780180276,2
547,1,2,1,29.69911764705882,-0.6832897838887635,-0.5488212942367958,631,-0.18970980486086284,0
548,0,3,1,33.0,1.4592612316093851,1.8218217968134034,423,0.2261756098668158,2
549,1,2,1,8.0,1.4592612316093851,1.8218217968134034,558,0.8302524507949416,2
550,1,1,1,17.0,-0.6832897838887635,1.82240783315376,83,1.9325805825916988,0
551,0,2,1,27.0,-0.6832897838887635,-0.5488212942367958,148,0.47327563780180276,2
552,0,3,1,29.69911764705882,-0.6832897838887635,-0.5488212942367958,284,-0.7994718569464714,1
553,1,3,1,22.0,-0.6832897838887635,-0.5488212942367958,171,-0.8844632988385156,0
554,1,3,0,22.0,-0.6832897838887635,-0.5488212942367958,335,-0.8068368710603185,2
555,0,1,1,62.0,-0.6832897838887635,-0.5488212942367958,52,0.49502669536012267,2
556,1,1,0,48.0,1.4592612316093851,-0.5488212942367958,57,0.9065815424836945,0
558,1,1,0,39.0,1.4592612316093851,1.8218217968134034,1,1.6082459167672005,2
559,1,3,0,36.0,1.4592612316093851,-0.5488212942367958,300,0.051997330167549524,2
560,0,3,1,29.69911764705882,-0.6832897838887635,-0.5488212942367958,471,-0.8102505235131865,1
561,0,3,1,40.0,-0.6832897838887635,-0.5488212942367958,389,-0.7904881715661577,2
562,0,2,1,28.0,-0.6832897838887635,-0.5488212942367958,103,-0.2179983769342424,2
563,0,3,1,29.69911764705882,-0.6832897838887635,-0.5488212942367958,651,-0.7699628803947379,2
564,0,3,0,29.69911764705882,-0.6832897838887635,-0.5488212942367958,645,-0.7699628803947379,2
565,0,3,1,24.0,1.473214431266664,-0.5488212942367958,519,0.39641848592435774,2
566,0,3,1,19.0,-0.6832897838887635,-0.5488212942367958,352,-0.7904881715661577,2
567,0,3,0,29.0,-0.6832897838887635,1.822512727047298,395,0.2539397921887333,2
568,0,3,1,29.69911764705882,-0.6832897838887635,-0.5488212942367958,207,-0.8838496018015792,0
569,1,3,1,32.0,-0.6832897838887635,-0.5488212942367958,415,-0.7960910828882249,2
570,1,2,1,62.0,-0.6832897838887635,-0.5488212942367958,624,-0.4866872959264229,2
571,1,1,0,53.0,1.473214431266664,-0.5488212942367958,60,1.1726461743134888,2
572,1,1,1,36.0,-0.6832897838887635,-0.5488212942367958,578,0.4886495912134758,2
573,1,3,0,29.69911764705882,-0.6832897838887635,-0.5488212942367958,77,-0.8102505235131865,1
574,0,3,1,16.0,-0.6832897838887635,-0.5488212942367958,520,-0.7699628803947379,2
575,0,3,1,19.0,-0.6832897838887635,-0.5488212942367958,420,-0.1417492851320421,2
576,1,2,0,34.0,-0.6832897838887635,-0.5488212942367958,143,-0.2583137658022834,2
577,1,1,0,39.0,1.4592612316093851,-0.5488212942367958,72,1.255543700437541,2
578,0,3,0,29.69911764705882,1.4592612316093851,-0.5488212942367958,209,-0.144819736769274,0
579,1,3,1,32.0,-0.6832897838887635,-0.5488212942367958,661,-0.7865721703375721,2
580,1,2,0,25.0,1.4592612316093851,1.8218217968134034,133,0.6215654690348019,2
581,1,1,0,39.0,1.4592612316093851,1.8218217968134034,83,1.9325805825916988,0
582,0,2,1,54.0,-0.6832897838887635,-0.5488212942367958,226,0.47327563780180276,2
583,0,1,1,36.0,-0.6832897838887635,-0.5488212942367958,68,0.9200142368068154,0
584,0,3,1,29.69911764705882,-0.6832897838887635,-0.5488212942367958,291,-0.6858683520703551,0
585,1,1,0,18.0,-0.6832897838887635,1.82240783315376,1,1.6082459167672005,2
586,0,2,1,47.0,-0.6832897838887635,-0.5488212942367958,129,-0.10562520196731721,2
587,1,1,1,60.0,1.4592612316093851,1.8218217968134034,74,1.602647748793934,0
588,0,3,1,22.0,-0.6832897838887635,-0.5488212942367958,79,-0.7699628803947379,2
589,0,3,1,29.69911764705882,-0.6832897838887635,-0.5488212942367958,515,-0.7699628803947379,2
590,0,3,1,35.0,-0.6832897838887635,-0.5488212942367958,656,-0.899175353398864,2
591,1,1,0,52.0,1.4592612316093851,-0.5488212942367958,454,1.5909302624801658,0
592,0,3,1,47.0,-0.6832897838887635,-0.5488212942367958,532,-0.8808152897870466,2
593,0,3,0,29.69911764705882,-0.6832897838887635,1.82240783315376,434,-0.8102505235131865,1
594,0,2,1,37.0,1.4592612316093851,-0.5488212942367958,626,0.47327563780180276,2
595,0,3,1,36.0,1.4592612316093851,1.8218217968134034,307,0.39641848592435774,2
596,1,2,0,29.69911764705882,-0.6832897838887635,-0.5488212942367958,155,0.7198098921976321,2
597,0,3,1,49.0,-0.6832897838887635,-0.5488212942367958,574,-3.593249258472566,2
598,0,3,1,29.69911764705882,-0.6832897838887635,-0.5488212942367958,192,-0.8844632988385156,0
599,1,1,1,49.0,1.4592612316093851,-0.5488212942367958,584,1.2738584226631493,0
600,1,2,0,24.0,1.473214431266664,1.8218217968134034,142,0.5124758623703544,2
601,0,3,1,29.69911764705882,-0.6832897838887635,-0.5488212942367958,360,-0.7904881715661577,2
602,0,1,1,29.69911764705882,-0.6832897838887635,-0.5488212942367958,46,0.9761742575802558,2
603,0,3,1,44.0,-0.6832897838887635,-0.5488212942367958,430,-0.7699628803947379,2
604,1,1,1,35.0,-0.6832897838887635,-0.5488212942367958,9,0.49502669536012267,0
605,0,3,1,36.0,1.4592612316093851,-0.5488212942367958,396,-0.06729685889902305,2
606,0,3,1,30.0,-0.6832897838887635,-0.5488212942367958,385,-0.7904881715661577,2
607,1,1,1,27.0,-0.6832897838887635,-0.5488212942367958,50,0.6386335393519047,2
608,1,2,0,22.0,1.4592612316093851,1.82240783315376,634,0.9562835258706175,0
609,1,1,0,40.0,-0.6832897838887635,-0.5488212942367958,588,2.2463211080420336,2
610,0,3,0,39.0,1.4592612316093851,1.8225198955166337,333,0.6645198177328426,2
611,0,3,1,29.69911764705882,-0.6832897838887635,-0.5488212942367958,638,-0.9103375449239258,2
612,1,3,0,29.69911764705882,1.4592612316093851,-0.5488212942367958,444,-0.07072282493786992,1
613,0,3,1,29.69911764705882,-0.6832897838887635,-0.5488212942367958,467,-0.8102505235131865,1
614,0,3,1,35.0,-0.6832897838887635,-0.5488212942367958,431,-0.7699628803947379,2
615,1,2,0,24.0,1.4592612316093851,1.82240783315376,106,1.4064888670417803,2
616,0,3,1,34.0,1.4592612316093851,1.8218217968134034,331,-0.14912776447386403,2
617,0,3,0,26.0,1.4592612316093851,-0.5488212942367958,536,-0.03034841887159623,2
618,1,2,0,4.0,1.473214431266664,1.8218217968134034,114,0.8910000887645145,2
619,0,2,1,26.0,-0.6832897838887635,-0.5488212942367958,253,-0.4866872959264229,2
620,0,3,1,27.0,1.4592612316093851,-0.5488212942367958,188,-0.14512211887217058,0
621,1,1,1,42.0,1.4592612316093851,-0.5488212942367958,56,1.1934710203418215,2
622,1,3,1,20.0,1.4592612316093851,1.8218217968134034,187,-0.05426671557795552,0
623,0,3,1,21.0,-0.6832897838887635,-0.5488212942367958,400,-0.7960910828882249,2
624,0,3,1,21.0,-0.6832897838887635,-0.5488212942367958,495,-0.03034841887159623,2
625,0,1,1,61.0,-0.6832897838887635,-0.5488212942367958,455,0.698408643623889,2
626,0,2,1,57.0,-0.6832897838887635,-0.5488212942367958,104,-0.3131415865081077,1
627,1,1,0,21.0,-0.6832897838887635,-0.5488212942367958,71,1.5870261603795999,2
628,0,3,1,26.0,-0.6832897838887635,-0.5488212942367958,369,-0.7904881715661577,2
629,0,3,1,29.69911764705882,-0.6832897838887635,-0.5488212942367958,286,-0.8125366921355466,1
631,0,3,1,51.0,-0.6832897838887635,-0.5488212942367958,345,-0.9097095168179145,2
632,1,1,1,32.0,-0.6832897838887635,-0.5488212942367958,70,0.6386335393519047,0
633,0,1,1,29.69911764705882,-0.6832897838887635,-0.5488212942367958,13,-3.593249258472566,2
634,0,3,0,9.0,1.4766311030619304,1.82240783315376,337,0.5464808979613536,2
635,1,2,0,28.0,-0.6832897838887635,-0.5488212942367958,130,-0.2583137658022834,2
636,0,3,1,32.0,-0.6832897838887635,-0.5488212942367958,664,-0.7865721703375721,2
637,0,2,1,31.0,1.4592612316093851,1.8218217968134034,556,0.48322146461542037,2
638,0,3,0,41.0,-0.6832897838887635,1.8225198955166337,249,0.9088332038725969,2
639,0,3,1,29.69911764705882,1.4592612316093851,-0.5488212942367958,476,-0.03034841887159623,2
640,0,3,1,20.0,-0.6832897838887635,-0.5488212942367958,409,-0.7960910828882249,2
641,1,1,0,24.0,-0.6832897838887635,-0.5488212942367958,581,1.470280302098168,0
642,0,3,0,2.0,1.4766311030619304,1.82240783315376,337,0.5464808979613536,2
643,1,3,1,29.69911764705882,-0.6832897838887635,-0.5488212942367958,80,1.2661885845668508,2
644,1,3,0,0.75,1.473214431266664,1.8218217968134034,194,0.15915726296750002,0
645,1,1,1,48.0,1.4592612316093851,-0.5488212942367958,587,1.5713044905694247,0
646,0,3,1,19.0,-0.6832897838887635,-0.5488212942367958,373,-0.7904881715661577,2
647,1,1,1,56.0,-0.6832897838887635,-0.5488212942367958,69,0.7948009131343609,0
648,0,3,1,29.69911764705882,-0.6832897838887635,-0.5488212942367958,620,-0.837943194161033,2
649,1,3,0,23.0,-0.6832897838887635,-0.5488212942367958,567,-0.837943194161033,2
650,0,3,1,29.69911764705882,-0.6832897838887635,-0.5488212942367958,366,-0.7904881715661577,2
651,1,2,0,18.0,-0.6832897838887635,1.8218217968134034,117,0.3454772555285693,2
652,0,3,1,21.0,-0.6832897838887635,-0.5488212942367958,512,-0.7205314261138822,2
653,1,3,0,29.69911764705882,-0.6832897838887635,-0.5488212942367958,277,-0.7994718569464714,1
654,0,3,0,18.0,-0.6832897838887635,-0.5488212942367958,439,-0.956130247327445,1
655,0,2,1,24.0,1.473214431266664,-0.5488212942367958,621,1.5287092917087757,2
656,0,3,1,29.69911764705882,-0.6832897838887635,-0.5488212942367958,368,-0.7904881715661577,2
657,0,3,0,32.0,1.4592612316093851,1.8218217968134034,435,-0.07072282493786992,1
658,0,2,1,23.0,-0.6832897838887635,-0.5488212942367958,241,-0.2583137658022834,2
659,0,1,1,58.0,-0.6832897838887635,1.82240783315376,416,1.9533295620351505,0
660,1,1,1,50.0,1.473214431266664,-0.5488212942367958,605,2.1134520277101223,2
661,0,3,1,40.0,-0.6832897838887635,-0.5488212942367958,172,-0.8844632988385156,0
662,0,1,1,47.0,-0.6832897838887635,-0.5488212942367958,496,0.45664463183303766,2
663,0,3,1,36.0,-0.6832897838887635,-0.5488212942367958,357,-0.8455679325677506,2
664,1,3,1,20.0,1.4592612316093851,-0.5488212942367958,660,-0.7865721703375721,2
665,0,2,1,32.0,1.473214431266664,-0.5488212942367958,621,1.5287092917087757,2
666,0,2,1,25.0,-0.6832897838887635,-0.5488212942367958,123,-0.2583137658022834,2
667,0,3,1,29.69911764705882,-0.6832897838887635,-0.5488212942367958,256,-0.8068368710603185,2
668,0,3,1,43.0,-0.6832897838887635,-0.5488212942367958,529,-0.7699628803947379,2
669,1,1,0,29.69911764705882,1.4592612316093851,-0.5488212942367958,99,1.1827913096260676,2
670,1,2,0,40.0,1.4592612316093851,1.8218217968134034,240,0.8910000887645145,2
671,0,1,1,31.0,1.4592612316093851,-0.5488212942367958,569,1.1827913096260676,2
673,1,2,1,31.0,-0.6832897838887635,-0.5488212942367958,145,-0.2583137658022834,2
674,0,2,1,29.69911764705882,-0.6832897838887635,-0.5488212942367958,138,-3.593249258472566,2
675,0,3,1,18.0,-0.6832897838887635,-0.5488212942367958,397,-0.8068368710603185,2
676,0,3,1,24.5,-0.6832897838887635,-0.5488212942367958,294,-0.7699628803947379,2
677,1,3,0,18.0,-0.6832897838887635,-0.5488212942367958,493,-0.5558783259480925,2
678,0,3,0,43.0,1.4592612316093851,1.8225228313579398,566,1.0785302637150436,2
680,0,3,0,29.69911764705882,-0.6832897838887635,-0.5488212942367958,281,-0.7584826274526328,1
681,1,1,1,27.0,-0.6832897838887635,-0.5488212942367958,587,1.5713044905694247,0
682,0,3,1,20.0,-0.6832897838887635,-0.5488212942367958,500,-0.6249514207733533,2
683,0,3,1,14.0,1.4785530086712093,1.82240783315376,566,1.0785302637150436,2
684,0,2,1,60.0,1.4592612316093851,1.8218217968134034,240,0.8910000887645145,2
685,0,2,1,25.0,1.4592612316093851,1.82240783315376,634,0.9562835258706175,0
686,0,3,1,14.0,1.4779347694060456,1.8218217968134034,249,0.9088332038725969,2
687,0,3,1,19.0,-0.6832897838887635,-0.5488212942367958,372,-0.5207360133787442,2
688,0,3,1,18.0,-0.6832897838887635,-0.5488212942367958,403,-0.8040046742616617,2
690,1,1,1,31.0,1.4592612316093851,-0.5488212942367958,89,1.2751055572587289,2
691,1,3,0,4.0,-0.6832897838887635,1.8218217968134034,393,-0.2246083545177106,0
692,1,3,1,29.69911764705882,-0.6832897838887635,-0.5488212942367958,80,1.2661885845668508,2
693,0,3,1,25.0,-0.6832897838887635,-0.5488212942367958,200,-0.8844632988385156,0
694,0,1,1,60.0,-0.6832897838887635,-0.5488212942367958,48,0.49502669536012267,2
695,0,2,1,52.0,-0.6832897838887635,-0.5488212942367958,156,-0.2179983769342424,2
696,0,3,1,44.0,-0.6832897838887635,-0.5488212942367958,425,-0.7699628803947379,2
697,1,3,0,29.69911764705882,-0.6832897838887635,-0.5488212942367958,419,-0.8125366921355466,1
698,0,1,1,49.0,1.4592612316093851,1.8218217968134034,83,1.9325805825916988,0
699,0,3,1,42.0,-0.6832897838887635,-0.5488212942367958,346,-0.8240108065706061,2
701,1,1,1,35.0,-0.6832897838887635,-0.5488212942367958,579,0.4847048022053446,2
702,0,3,0,18.0,-0.6832897838887635,1.8218217968134034,211,-0.14512211887217058,0
703,0,3,1,25.0,-0.6832897838887635,-0.5488212942367958,449,-0.8113861759249119,1
704,0,3,1,26.0,1.4592612316093851,-0.5488212942367958,398,-0.7960910828882249,2
705,0,2,1,39.0,-0.6832897838887635,-0.5488212942367958,170,0.47327563780180276,2
706,1,2,0,45.0,-0.6832897838887635,-0.5488212942367958,108,-0.2179983769342424,2
707,1,1,1,42.0,-0.6832897838887635,-0.5488212942367958,580,0.4847048022053446,2
708,1,1,0,22.0,-0.6832897838887635,-0.5488212942367958,37,2.2343023699826907,2
709,1,3,1,29.69911764705882,1.4592612316093851,1.8218217968134034,189,-0.08831930688856707,0
710,1,1,0,24.0,-0.6832897838887635,-0.5488212942367958,582,1.1331733438509182,0
711,0,1,1,29.69911764705882,-0.6832897838887635,-0.5488212942367958,19,0.49502669536012267,2
712,1,1,1,48.0,1.4592612316093851,-0.5488212942367958,99,1.1827913096260676,2
713,0,3,1,29.0,-0.6832897838887635,-0.5488212942367958,506,-0.5954868635074402,2
714,0,2,1,52.0,-0.6832897838887635,-0.5488212942367958,164,-0.2583137658022834,2
715,0,3,1,19.0,-0.6832897838887635,-0.5488212942367958,348,-0.8240108065706061,2
717,1,2,0,27.0,-0.6832897838887635,-0.5488212942367958,293,-0.4866872959264229,2
718,0,3,1,29.69911764705882,-0.6832897838887635,-0.5488212942367958,440,-0.07072282493786992,1
719,0,3,1,33.0,-0.6832897838887635,-0.5488212942367958,319,-0.8068368710603185,2
720,1,2,0,6.0,-0.6832897838887635,1.8218217968134034,155,0.7198098921976321,2
721,0,3,1,17.0,1.4592612316093851,-0.5488212942367958,408,-0.9097095168179145,2
722,0,2,1,34.0,-0.6832897838887635,-0.5488212942367958,65,-0.2583137658022834,2
723,0,2,1,50.0,-0.6832897838887635,-0.5488212942367958,161,-0.2583137658022834,2
724,1,1,1,27.0,1.4592612316093851,-0.5488212942367958,51,1.2038743501793443,2
725,0,3,1,20.0,-0.6832897838887635,-0.5488212942367958,266,-0.6919963245199561,2
726,1,2,0,30.0,1.4766311030619304,-0.5488212942367958,252,0.2501986464475664,2
727,1,3,0,29.69911764705882,-0.6832897838887635,-0.5488212942367958,451,-0.811961285345837,1
728,0,2,1,25.0,1.4592612316093851,-0.5488212942367958,127,0.47327563780180276,2
729,0,3,0,25.0,1.4592612316093851,-0.5488212942367958,667,-0.7865721703375721,2
731,0,3,1,11.0,-0.6832897838887635,-0.5488212942367958,216,0.13306574779972594,0
732,0,2,1,29.69911764705882,-0.6832897838887635,-0.5488212942367958,137,-3.593249258472566,2
733,0,2,1,23.0,-0.6832897838887635,-0.5488212942367958,228,-0.2583137658022834,2
734,0,2,1,23.0,-0.6832897838887635,-0.5488212942367958,119,-0.2583137658022834,2
735,0,3,1,28.5,-0.6832897838887635,-0.5488212942367958,495,-0.03034841887159623,2
736,0,3,0,48.0,1.4592612316093851,1.82249159733402,676,0.7617610437287434,2
738,0,3,1,29.69911764705882,-0.6832897838887635,-0.5488212942367958,349,-0.7904881715661577,2
739,0,3,1,29.69911764705882,-0.6832897838887635,-0.5488212942367958,364,-0.7904881715661577,2
740,1,1,1,29.69911764705882,-0.6832897838887635,-0.5488212942367958,82,0.6215654690348019,2
741,0,1,1,36.0,1.4592612316093851,-0.5488212942367958,91,1.5982705535423474,2
743,0,3,1,24.0,1.4592612316093851,-0.5488212942367958,477,-0.03034841887159623,2
744,1,3,1,31.0,-0.6832897838887635,-0.5488212942367958,662,-0.7865721703375721,2
746,0,3,1,16.0,1.4592612316093851,1.8218217968134034,551,0.21200052202749442,2
747,1,2,0,30.0,-0.6832897838887635,-0.5488212942367958,165,-0.2583137658022834,2
748,0,1,1,19.0,1.4592612316093851,-0.5488212942367958,35,1.2038743501793443,2
749,0,3,1,31.0,-0.6832897838887635,-0.5488212942367958,287,-0.8102505235131865,1
750,1,2,0,4.0,1.4592612316093851,1.8218217968134034,234,0.3454772555285693,2
751,1,3,1,6.0,-0.6832897838887635,1.8218217968134034,486,-0.3023745887777427,2
752,0,3,1,33.0,-0.6832897838887635,-0.5488212942367958,312,-0.593608947849079,2
753,0,3,1,23.0,-0.6832897838887635,-0.5488212942367958,351,-0.7904881715661577,2
754,1,2,0,48.0,1.4592612316093851,1.82240783315376,106,1.4064888670417803,2
755,1,2,1,0.67,1.4592612316093851,1.8218217968134034,166,-0.1417492851320421,2
756,0,3,1,28.0,-0.6832897838887635,-0.5488212942367958,404,-0.8040046742616617,2
757,0,2,1,18.0,-0.6832897838887635,-0.5488212942367958,238,-0.38940170825131265,2
758,0,3,1,34.0,-0.6832897838887635,-0.5488212942367958,424,-0.7699628803947379,2
759,1,1,0,33.0,-0.6832897838887635,-0.5488212942367958,0,1.6895969375432998,2
760,0,3,1,29.69911764705882,-0.6832897838887635,-0.5488212942367958,420,-0.1417492851320421,2
761,0,3,1,41.0,-0.6832897838887635,-0.5488212942367958,646,-0.899175353398864,2
762,1,3,1,20.0,-0.6832897838887635,-0.5488212942367958,191,-0.8838496018015792,0
763,1,1,0,36.0,1.4592612316093851,1.82240783315376,33,2.009301416205829,2
764,0,3,1,16.0,-0.6832897838887635,-0.5488212942367958,327,-0.8068368710603185,2
765,1,1,0,51.0,1.4592612316093851,-0.5488212942367958,71,1.5870261603795999,2
766,0,1,1,29.69911764705882,-0.6832897838887635,-0.5488212942367958,18,0.9065815424836945,0
767,0,3,0,30.5,-0.6832897838887635,-0.5488212942367958,436,-0.8102505235131865,1
768,0,3,1,29.69911764705882,1.4592612316093851,-0.5488212942367958,469,0.39641848592435774,1
769,0,3,1,32.0,-0.6832897838887635,-0.5488212942367958,511,-0.7294972084993095,2
770,0,3,1,24.0,-0.6832897838887635,-0.5488212942367958,313,-0.593608947849079,2
771,0,3,1,48.0,-0.6832897838887635,-0.5488212942367958,407,-0.7960910828882249,2
772,0,2,0,57.0,-0.6832897838887635,-0.5488212942367958,619,-0.4866872959264229,2
773,0,3,1,29.69911764705882,-0.6832897838887635,-0.5488212942367958,201,-0.8844632988385156,0
774,1,2,0,54.0,1.4592612316093851,1.82249159733402,236,0.3454772555285693,2
775,0,3,1,18.0,-0.6832897838887635,-0.5488212942367958,330,-0.8102505235131865,2
776,0,3,1,29.69911764705882,-0.6832897838887635,-0.5488212942367958,481,-0.8102505235131865,1
777,1,3,0,5.0,-0.6832897838887635,-0.5488212942367958,432,-0.3023745887777427,2
778,0,3,1,29.69911764705882,-0.6832897838887635,-0.5488212942367958,450,-0.811961285345837,1
780,1,3,0,13.0,-0.6832897838887635,-0.5488212942367958,208,-0.8838496018015792,0
781,1,1,0,17.0,1.4592612316093851,-0.5488212942367958,89,1.2751055572587289,2
782,0,1,1,29.0,-0.6832897838887635,-0.5488212942367958,26,0.6215654690348019,2
783,0,3,1,29.69911764705882,1.4592612316093851,1.82240783315376,675,0.3657210129591633,2
784,0,3,1,25.0,-0.6832897838887635,-0.5488212942367958,643,-0.9103375449239258,2
785,0,3,1,25.0,-0.6832897838887635,-0.5488212942367958,474,-0.8808152897870466,2
786,1,3,0,18.0,-0.6832897838887635,-0.5488212942367958,243,-0.8455679325677506,2
787,0,3,1,8.0,1.4779347694060456,1.8218217968134034,480,0.5909688334232854,1
788,1,3,1,1.0,1.4592612316093851,1.82240783315376,548,0.22873156392329988,2
789,0,1,1,46.0,-0.6832897838887635,-0.5488212942367958,592,1.602647748793934,0
790,0,3,1,29.69911764705882,-0.6832897838887635,-0.5488212942367958,66,-0.8102505235131865,1
791,0,2,1,16.0,-0.6832897838887635,-0.5488212942367958,139,0.47327563780180276,2
792,0,3,0,29.69911764705882,1.479214079077847,1.82240783315376,568,1.4738607221088347,2
793,0,1,1,29.69911764705882,-0.6832897838887635,-0.5488212942367958,597,0.645237903918561,0
794,0,3,1,25.0,-0.6832897838887635,-0.5488212942367958,350,-0.7904881715661577,2
795,0,2,1,39.0,-0.6832897838887635,-0.5488212942367958,223,-0.2583137658022834,2
796,1,1,0,49.0,-0.6832897838887635,-0.5488212942367958,87,0.4704408271729171,2
797,1,3,0,31.0,-0.6832897838887635,-0.5488212942367958,383,-0.6894429440148451,2
798,0,3,1,30.0,-0.6832897838887635,-0.5488212942367958,206,-0.8838496018015792,0
799,0,3,0,30.0,1.4592612316093851,1.8218217968134034,307,0.39641848592435774,2
800,0,2,1,34.0,-0.6832897838887635,-0.5488212942367958,164,-0.2583137658022834,2
801,1,2,0,31.0,1.4592612316093851,1.8218217968134034,556,0.48322146461542037,2
802,1,1,1,11.0,1.4592612316093851,1.82240783315376,33,2.009301416205829,2
803,1,3,1,0.42,-0.6832897838887635,1.8218217968134034,174,-0.7100625912487964,0
804,1,3,1,27.0,-0.6832897838887635,-0.5488212942367958,338,-0.9216119232142098,2
805,0,3,1,31.0,-0.6832897838887635,-0.5488212942367958,320,-0.8068368710603185,2
806,0,1,1,39.0,-0.6832897838887635,-0.5488212942367958,12,-3.593249258472566,2
807,0,3,0,18.0,-0.6832897838887635,-0.5488212942367958,336,-0.8068368710603185,2
808,0,2,1,39.0,-0.6832897838887635,-0.5488212942367958,154,-0.2583137658022834,2
809,1,1,0,33.0,1.4592612316093851,-0.5488212942367958,51,1.2038743501793443,2
810,0,3,1,26.0,-0.6832897838887635,-0.5488212942367958,339,-0.7916038060698207,2
811,0,3,1,39.0,-0.6832897838887635,-0.5488212942367958,519,0.39641848592435774,2
812,0,2,1,35.0,-0.6832897838887635,-0.5488212942367958,222,-0.4866872959264229,2
813,0,3,0,6.0,1.4779347694060456,1.82240783315376,333,0.6645198177328426,2
814,0,3,1,30.5,-0.6832897838887635,-0.5488212942367958,427,-0.7699628803947379,2
815,0,1,1,29.69911764705882,-0.6832897838887635,-0.5488212942367958,15,-3.593249258472566,2
816,0,3,0,23.0,-0.6832897838887635,-0.5488212942367958,671,-0.7865721703375721,2
817,0,2,1,31.0,1.4592612316093851,1.8218217968134034,618,0.8373075864522551,0
818,0,3,1,43.0,-0.6832897838887635,-0.5488212942367958,543,-1.0038647987030687,2
819,0,3,1,10.0,1.4766311030619304,1.82240783315376,337,0.5464808979613536,2
820,1,1,0,52.0,1.4592612316093851,1.8218217968134034,67,1.7660412682544735,2
821,1,3,1,27.0,-0.6832897838887635,-0.5488212942367958,269,-0.6919963245199561,2
822,0,1,1,38.0,-0.6832897838887635,-0.5488212942367958,97,-3.593249258472566,2
823,1,3,0,27.0,-0.6832897838887635,1.8218217968134034,486,-0.3023745887777427,2
824,0,3,1,2.0,1.4779347694060456,1.8218217968134034,249,0.9088332038725969,2
825,0,3,1,29.69911764705882,-0.6832897838887635,-0.5488212942367958,448,-0.9253953538191593,1
826,0,3,1,29.69911764705882,-0.6832897838887635,-0.5488212942367958,80,1.2661885845668508,2
827,1,2,1,1.0,-0.6832897838887635,1.82240783315376,618,0.8373075864522551,0
828,1,3,1,29.69911764705882,-0.6832897838887635,-0.5488212942367958,442,-0.8102505235131865,1
829,1,1,0,62.0,-0.6832897838887635,-0.5488212942367958,32,1.6125772094011388,2
830,1,3,0,15.0,1.4592612316093851,-0.5488212942367958,188,-0.14512211887217058,0
831,1,2,1,0.83,1.4592612316093851,1.8218217968134034,237,0.13095818997402806,2
832,0,3,1,29.69911764705882,-0.6832897838887635,-0.5488212942367958,199,-0.8838496018015792,0
833,0,3,1,23.0,-0.6832897838887635,-0.5488212942367958,342,-0.7960910828882249,2
834,0,3,1,18.0,-0.6832897838887635,-0.5488212942367958,107,-0.7374728275578364,2
835,1,1,0,39.0,1.4592612316093851,1.8218217968134034,609,1.650787438944888,0
836,0,3,1,21.0,-0.6832897838887635,-0.5488212942367958,268,-0.6919963245199561,2
837,0,3,1,29.69911764705882,-0.6832897838887635,-0.5488212942367958,485,-0.7699628803947379,2
838,1,3,1,32.0,-0.6832897838887635,-0.5488212942367958,80,1.2661885845668508,2
839,1,1,1,29.69911764705882,-0.6832897838887635,-0.5488212942367958,62,0.6111814128214517,0
840,0,3,1,20.0,-0.6832897838887635,-0.5488212942367958,647,-0.7865721703375721,2
841,0,2,1,16.0,-0.6832897838887635,-0.5488212942367958,619,-0.4866872959264229,2
842,1,1,0,30.0,-0.6832897838887635,-0.5488212942367958,47,0.6554118286404368,0
843,0,3,1,34.5,-0.6832897838887635,-0.5488212942367958,205,-1.0058982291920522,0
844,0,3,1,17.0,-0.6832897838887635,-0.5488212942367958,264,-0.6919963245199561,2
845,0,3,1,42.0,-0.6832897838887635,-0.5488212942367958,563,-0.837943194161033,2
846,0,3,1,29.69911764705882,1.479214079077847,1.82240783315376,568,1.4738607221088347,2
847,0,3,1,35.0,-0.6832897838887635,-0.5488212942367958,359,-0.7904881715661577,0
848,0,2,1,28.0,-0.6832897838887635,1.8218217968134034,155,0.7198098921976321,2
849,1,1,0,29.69911764705882,1.4592612316093851,-0.5488212942367958,84,1.7187685478191443,0
850,0,3,1,4.0,1.4779347694060456,1.82240783315376,333,0.6645198177328426,2
852,0,3,0,9.0,1.4592612316093851,1.8218217968134034,203,-0.08831930688856707,0
853,1,1,0,16.0,-0.6832897838887635,1.8218217968134034,591,0.9014153013409252,2
854,0,2,0,44.0,1.4592612316093851,-0.5488212942367958,144,0.47327563780180276,2
855,1,3,0,18.0,-0.6832897838887635,1.8218217968134034,484,-0.6105933458000061,2
856,1,1,0,45.0,1.4592612316093851,1.8218217968134034,453,2.314884090177948,2
857,1,1,1,51.0,-0.6832897838887635,-0.5488212942367958,23,0.49502669536012267,2
858,1,3,0,24.0,-0.6832897838887635,1.82249159733402,194,0.15915726296750002,0
859,0,3,1,29.69911764705882,-0.6832897838887635,-0.5488212942367958,178,-0.8838496018015792,0
860,0,3,1,41.0,1.473214431266664,-0.5488212942367958,399,-0.17095506800560503,2
861,0,2,1,21.0,1.4592612316093851,-0.5488212942367958,221,-0.38940170825131265,2
862,1,1,0,48.0,-0.6832897838887635,-0.5488212942367958,88,0.4704408271729171,2
863,0,3,0,29.69911764705882,1.479214079077847,1.82240783315376,568,1.4738607221088347,2
864,0,2,1,24.0,-0.6832897838887635,-0.5488212942367958,120,-0.2583137658022834,2
865,1,2,0,42.0,-0.6832897838887635,-0.5488212942367958,126,-0.2583137658022834,2
866,1,2,0,27.0,1.4592612316093851,-0.5488212942367958,632,-0.19003321661148334,0
867,0,1,1,31.0,-0.6832897838887635,-0.5488212942367958,590,1.1531935395496309,2
868,0,3,1,29.69911764705882,-0.6832897838887635,-0.5488212942367958,309,-0.593608947849079,2
869,1,3,1,4.0,1.4592612316093851,1.8218217968134034,344,-0.42406167894779845,2
870,0,3,1,26.0,-0.6832897838887635,-0.5488212942367958,387,-0.7904881715661577,2
871,1,1,0,47.0,1.4592612316093851,1.8218217968134034,54,1.1934710203418215,2
872,0,1,1,33.0,-0.6832897838887635,-0.5488212942367958,502,-1.2679544734502772,2
873,0,3,1,47.0,-0.6832897838887635,-0.5488212942367958,303,-0.6512801075499434,2
874,1,2,0,28.0,1.4592612316093851,-0.5488212942367958,575,0.3899193870528744,0
875,1,3,0,15.0,-0.6832897838887635,-0.5488212942367958,195,-0.8844632988385156,0
876,0,3,1,20.0,-0.6832897838887635,-0.5488212942367958,504,-0.5554334476179559,2
877,0,3,1,19.0,-0.6832897838887635,-0.5488212942367958,358,-0.7904881715661577,2
878,0,3,1,29.69911764705882,-0.6832897838887635,-0.5488212942367958,363,-0.7904881715661577,2
879,1,1,0,56.0,-0.6832897838887635,1.8218217968134034,59,1.650787438944888,0
880,1,2,0,25.0,-0.6832897838887635,1.8218217968134034,115,0.47327563780180276,2
881,0,3,1,33.0,-0.6832897838887635,-0.5488212942367958,394,-0.7904881715661577,2
882,0,3,0,22.0,-0.6832897838887635,-0.5488212942367958,508,-0.4849882848203221,2
883,0,2,1,28.0,-0.6832897838887635,-0.5488212942367958,565,-0.4866872959264229,2
884,0,3,1,25.0,-0.6832897838887635,-0.5488212942367958,650,-0.9103375449239258,2
885,0,3,0,39.0,-0.6832897838887635,1.8225198955166337,480,0.5909688334232854,1
886,0,2,1,27.0,-0.6832897838887635,-0.5488212942367958,101,-0.2583137658022834,2
887,1,1,0,19.0,-0.6832897838887635,-0.5488212942367958,14,0.6215654690348019,2
888,0,3,0,29.69911764705882,1.4592612316093851,1.82240783315376,675,0.3657210129591633,2
889,1,1,1,26.0,-0.6832897838887635,-0.5488212942367958,8,0.6215654690348019,0
890,0,3,1,32.0,-0.6832897838887635,-0.5488212942367958,466,-0.8102505235131865,1
